id,first_name,last_name,email
1,Michael,Perez,mperez0@chronoengine.com
2,Shawn,Mccoy,smccoy1@reddit.com
3,Kathleen,Payne,kpayne2@cargocollective.com
4,Jimmy,Cooper,jcooper3@cargocollective.com
5,Katherine,Rice,krice4@typepad.com
6,Sarah,Ryan,sryan5@gnu.org
7,Martin,Mcdonald,mmcdonald6@opera.com
8,Frank,Robinson,frobinson7@wunderground.com
9,Jennifer,Franklin,jfranklin8@mail.ru
10,Henry,Welch,hwelch9@list-manage.com
11,Fred,Snyder,fsnydera@reddit.com
12,Amy,Dunn,adunnb@nba.com
13,Kathleen,Meyer,kmeyerc@cdc.gov
14,Steve,Ferguson,sfergusond@reverbnation.com
15,Teresa,Hill,thille@dion.ne.jp
16,Amanda,Harper,aharperf@mail.ru
17,Kimberly,Ray,krayg@xing.com
18,Johnny,Knight,jknighth@jalbum.net
19,Virginia,Freeman,vfreemani@tiny.cc
20,Anna,Austin,aaustinj@diigo.com
21,Willie,Hill,whillk@mail.ru
22,Sean,Harris,sharrisl@zdnet.com
23,Mildred,Adams,madamsm@usatoday.com
24,David,Graham,dgrahamn@zimbio.com
25,Victor,Hunter,vhuntero@ehow.com
26,Aaron,Ruiz,aruizp@weebly.com
27,Benjamin,Brooks,bbrooksq@jalbum.net
28,Lisa,Wilson,lwilsonr@japanpost.jp
29,Benjamin,King,bkings@comsenz.com
30,Christina,Williamson,cwilliamsont@boston.com
31,Jane,Gonzalez,jgonzalezu@networksolutions.com
32,Thomas,Owens,towensv@psu.edu
33,Katherine,Moore,kmoorew@naver.com
34,Jennifer,Stewart,jstewartx@yahoo.com
35,Sara,Tucker,stuckery@topsy.com
36,Harold,Ortiz,hortizz@vkontakte.ru
37,Shirley,James,sjames10@yelp.com
38,Dennis,Johnson,djohnson11@slate.com
39,Louise,Weaver,lweaver12@china.com.cn
40,Maria,Armstrong,marmstrong13@prweb.com
41,Gloria,Cruz,gcruz14@odnoklassniki.ru
42,Diana,Spencer,dspencer15@ifeng.com
43,Kelly,Nguyen,knguyen16@altervista.org
44,Jane,Rodriguez,jrodriguez17@biblegateway.com
45,Scott,Brown,sbrown18@geocities.jp
46,Norma,Cruz,ncruz19@si.edu
47,Marie,Peters,mpeters1a@mlb.com
48,Lillian,Carr,lcarr1b@typepad.com
49,Judy,Nichols,jnichols1c@t-online.de
50,Billy,Long,blong1d@yahoo.com
51,Howard,Reid,hreid1e@exblog.jp
52,Laura,Ferguson,lferguson1f@tuttocitta.it
53,Anne,Bailey,abailey1g@geocities.com
54,Rose,Morgan,rmorgan1h@ehow.com
55,Nicholas,Reyes,nreyes1i@google.ru
56,Joshua,Kennedy,jkennedy1j@house.gov
57,Paul,Watkins,pwatkins1k@upenn.edu
58,Kathryn,Kelly,kkelly1l@businessweek.com
59,Adam,Armstrong,aarmstrong1m@techcrunch.com
60,Norma,Wallace,nwallace1n@phoca.cz
61,Timothy,Reyes,treyes1o@google.cn
62,Elizabeth,Patterson,epatterson1p@sun.com
63,Edward,Gomez,egomez1q@google.fr
64,David,Cox,dcox1r@friendfeed.com
65,Brenda,Wood,bwood1s@over-blog.com
66,Adam,Walker,awalker1t@blogs.com
67,Michael,Hart,mhart1u@wix.com
68,Jesse,Ellis,jellis1v@google.co.uk
69,Janet,Powell,jpowell1w@un.org
70,Helen,Ford,hford1x@creativecommons.org
71,Gerald,Carpenter,gcarpenter1y@about.me
72,Kathryn,Oliver,koliver1z@army.mil
73,Alan,Berry,aberry20@gov.uk
74,Harry,Andrews,handrews21@ameblo.jp
75,Andrea,Hall,ahall22@hp.com
76,Barbara,Wells,bwells23@behance.net
77,Anne,Wells,awells24@apache.org
78,Harry,Harper,hharper25@rediff.com
79,Jack,Ray,jray26@wufoo.com
80,Phillip,Hamilton,phamilton27@joomla.org
81,Shirley,Hunter,shunter28@newsvine.com
82,Arthur,Daniels,adaniels29@reuters.com
83,Virginia,Rodriguez,vrodriguez2a@walmart.com
84,Christina,Ryan,cryan2b@hibu.com
85,Theresa,Mendoza,tmendoza2c@vinaora.com
86,Jason,Cole,jcole2d@ycombinator.com
87,Phillip,Bryant,pbryant2e@rediff.com
88,Adam,Torres,atorres2f@sun.com
89,Margaret,Johnston,mjohnston2g@ucsd.edu
90,Paul,Payne,ppayne2h@hhs.gov
91,Todd,Willis,twillis2i@businessweek.com
92,Willie,Oliver,woliver2j@noaa.gov
93,Frances,Robertson,frobertson2k@go.com
94,Gregory,Hawkins,ghawkins2l@joomla.org
95,Lisa,Perkins,lperkins2m@si.edu
96,Jacqueline,Anderson,janderson2n@cargocollective.com
97,Shirley,Diaz,sdiaz2o@ucla.edu
98,Nicole,Meyer,nmeyer2p@flickr.com
99,Mary,Gray,mgray2q@constantcontact.com
100,Jean,Mcdonald,jmcdonald2r@baidu.com
101,Roger,Clark,rclark276@mail.ru
102,Michael,Morse,mmorse267@aol.com
103,Shelby,Frank,sfrank130@msn.com
104,Margaret,Jones,mjones944@live.com
105,Jill,Cisneros,jcisneros13@live.com
106,Brandon,Mills,bmills696@comcast.net
107,Jesse,Montoya,jmontoya311@yandex.com
108,Leslie,Perez,lperez988@mail.ru
109,Ricky,Martin,rmartin710@zoho.com
110,Erica,Simmons,esimmons426@gmx.com
111,Candice,Valdez,cvaldez959@gmail.com
112,Christina,Baker,cbaker686@mail.ru
113,Donald,Nguyen,dnguyen704@yandex.com
114,Sara,Rosario,srosario272@comcast.net
115,Amanda,Marquez,amarquez430@zoho.com
116,Amy,Gonzalez,agonzalez371@zoho.com
117,Joseph,Ibarra,jibarra615@zoho.com
118,Desiree,Allison,dallison204@comcast.net
119,Pamela,Paul,ppaul605@outlook.com
120,Stacy,Taylor,staylor100@protonmail.com
121,Megan,James,mjames767@aol.com
122,James,Mack,jmack249@yahoo.com
123,Jamie,Huffman,jhuffman496@gmail.com
124,Jon,Walker,jwalker263@yahoo.com
125,Jeffrey,Peterson,jpeterson967@aol.com
126,Kimberly,Reilly,kreilly58@rediff.com
127,Danielle,Howard,dhoward356@outlook.com
128,Katherine,Johnson,kjohnson266@yandex.com
129,Cynthia,Brady,cbrady534@gmx.com
130,Rachel,Olsen,rolsen740@comcast.net
131,Lindsey,Smith,lsmith418@yandex.com
132,Holly,Howard,hhoward820@rediff.com
133,Ashley,Ellis,aellis301@zoho.com
134,Susan,Schwartz,sschwartz138@outlook.com
135,Jessica,Nelson,jnelson376@zoho.com
136,Tina,Martinez,tmartinez745@hotmail.com
137,Kaitlin,Welch,kwelch76@msn.com
138,Elizabeth,Henderson,ehenderson201@rediff.com
139,Amanda,Lloyd,alloyd544@outlook.com
140,Garrett,Zimmerman,gzimmerman214@gmx.com
141,Craig,Mendoza,cmendoza999@gmx.com
142,Sherry,Wright,swright30@comcast.net
143,Yolanda,Stewart,ystewart294@outlook.com
144,Roy,Woods,rwoods933@aol.com
145,Eric,Sexton,esexton313@msn.com
146,Tiffany,Henderson,thenderson914@yahoo.com
147,Michael,Hayes,mhayes358@gmail.com
148,Heidi,Coffey,hcoffey905@rediff.com
149,Andrew,Nguyen,anguyen489@comcast.net
150,Charles,Flores,cflores869@rediff.com
151,Olivia,Brooks,obrooks287@gmail.com
152,Shannon,Young,syoung17@live.com
153,Traci,Gregory,tgregory555@gmail.com
154,Jenny,Rodriguez,jrodriguez394@mail.ru
155,Anne,Smith,asmith583@icloud.com
156,Frank,Brock,fbrock726@outlook.com
157,April,Hernandez,ahernandez875@aol.com
158,Jeanette,Cruz,jcruz781@live.com
159,Peter,White,pwhite528@live.com
160,Jeremy,Brown,jbrown200@protonmail.com
161,George,Zhang,gzhang497@aol.com
162,Noah,Phillips,nphillips354@gmail.com
163,Jeremy,Sutton,jsutton611@gmx.com
164,Jennifer,Rodriguez,jrodriguez994@msn.com
165,Holly,Gray,hgray510@rediff.com
166,Eric,Hodges,ehodges724@live.com
167,Christopher,Weeks,cweeks962@mail.ru
168,Jeffrey,Simon,jsimon126@zoho.com
169,Holly,Bond,hbond522@icloud.com
170,Francisco,Stevens,fstevens791@live.com
171,Jacqueline,Ellis,jellis494@hotmail.com
172,Ryan,Powers,rpowers445@gmx.com
173,David,Mora,dmora571@yahoo.com
174,Joshua,Hamilton,jhamilton208@gmx.com
175,Michael,Heath,mheath992@hotmail.com
176,Jeffrey,Arnold,jarnold545@mail.ru
177,Emily,Glass,eglass424@protonmail.com
178,Jade,Tucker,jtucker400@zoho.com
179,Amy,Fisher,afisher42@msn.com
180,Stephanie,Marshall,smarshall606@zoho.com
181,Sara,Hart,shart723@aol.com
182,Charlene,Malone,cmalone249@zoho.com
183,Jennifer,Cole,jcole558@msn.com
184,Curtis,Bowman,cbowman365@comcast.net
185,Candace,Rice,crice899@msn.com
186,William,Byrd,wbyrd501@yahoo.com
187,Christopher,Hale,chale26@comcast.net
188,Joshua,Smith,jsmith735@zoho.com
189,Justin,Owen,jowen316@yahoo.com
190,Amber,Shelton,ashelton384@gmx.com
191,Brent,Henry,bhenry323@yahoo.com
192,Eduardo,Barr,ebarr308@msn.com
193,Christina,Mitchell,cmitchell771@icloud.com
194,Natasha,Gomez,ngomez699@zoho.com
195,Kim,Lowe,klowe853@yahoo.com
196,Joshua,Mendoza,jmendoza791@live.com
197,Debra,Pierce,dpierce48@zoho.com
198,Yolanda,Ross,yross115@yandex.com
199,Ashley,Mendez,amendez872@protonmail.com
200,Sabrina,Shaw,sshaw156@aol.com
